{"cameraMode":{"drawMode":0,"name":"Shaded","section":"Shading Mode"},"sceneLighting":false,"audioPlay":false,"sceneViewState":{"showFog":true,"showMaterialUpdate":true,"showSkybox":true,"showFlares":true,"showImageEffects":true,"showParticleSystems":true},"in2DMode":false,"pivot":{"x":-9.382781982421875,"y":715.8822021484375,"z":94.67401123046875},"rotation":{"x":-0.23076236248016358,"y":-0.4995103180408478,"z":0.14002634584903718,"w":-0.8231834173202515},"size":98.43766784667969,"orthographic":false}