{"cameraMode":{"drawMode":0,"name":"Shaded","section":"Shading Mode"},"sceneLighting":false,"audioPlay":false,"sceneViewState":{"showFog":true,"showMaterialUpdate":true,"showSkybox":true,"showFlares":true,"showImageEffects":true,"showParticleSystems":true},"in2DMode":false,"pivot":{"x":17.86711883544922,"y":-1.635094165802002,"z":2.4655966758728029},"rotation":{"x":-0.21070216596126557,"y":-0.5466324090957642,"z":0.144428551197052,"w":-0.797457218170166},"size":55.64704132080078,"orthographic":false}