{"cameraMode":{"drawMode":0,"name":"Shaded","section":"Shading Mode"},"sceneLighting":false,"audioPlay":false,"sceneViewState":{"showFog":true,"showMaterialUpdate":true,"showSkybox":true,"showFlares":true,"showImageEffects":true,"showParticleSystems":true},"in2DMode":false,"pivot":{"x":20.230592727661134,"y":0.3293442726135254,"z":-3.420818328857422},"rotation":{"x":-0.022787142544984819,"y":0.04706265777349472,"z":-0.0010751747759059072,"w":-0.9986317157745361},"size":24.236248016357423,"orthographic":false}